param_Boost__n_estimators,train acc,test acc
1,0.8120762044341208,0.8136013060963836
2,0.8120762044341208,0.8136013060963836
5,0.8246997817966083,0.814052509940169
10,0.8551815344960793,0.8141053467845552
20,0.8883943908991422,0.8180605076898515
30,0.8952201600158206,0.8222220743973181
40,0.8952201600158206,0.8222220743973181
50,0.8952201600158206,0.8222220743973181
